id,programa,institucion,estado,ciudad,costo_colones,costo_texto,duracion_meses,duracion_texto,modalidad,nivel,categoria,etiquetas,fuente
FPE-CR-001,Asistente Técnico en Atención Primaria,Instituto Parauniversitario ASEMECO,Aprobado,San Jose,17694000.00,"₡17.694.000,00",12,12 meses,Presencial,Otro,Salud,atención;salud;servicio,https://portal.pef.churchofjesuschrist.org/print/programsandschools
FPE-CR-002,Bachillerato en Administración de Empresas con énfasis en RRHH,Universidad San José Sede Liberia,Aprobado,Liberia,19894000.00,"₡19.894.000,00",32,32 meses,Híbrido,Bachillerato,Administración y negocios,administración;negocios;oficina;recursos humanos,https://portal.pef.churchofjesuschrist.org/print/programsandschools
FPE-CR-003,Bachillerato en Administración de Negocios,Universidad Castro Carazo,Aprobado,San José,20394000.00,"₡20.394.000,00",32,32 meses,Presencial,Bachillerato,Administración y negocios,administración;negocios;oficina,https://portal.pef.churchofjesuschrist.org/print/programsandschools
FPE-CR-004,Bachillerato en Administración de Negocios,Universidad Latina de Costa Rica,Aprobado,San José,21394000.00,"₡21.394.000,00",32,32 meses,Presencial,Bachillerato,Administración y negocios,administración;negocios;oficina,https://portal.pef.churchofjesuschrist.org/print/programsandschools
FPE-CR-005,Bachillerato en Administración de Negocios,Universidad Fidelitas S.A,Aprobado,San José,22662798.00,"₡22.662.798,00",32,32 meses,Presencial,Bachillerato,Administración y negocios,administración;negocios;oficina,https://portal.pef.churchofjesuschrist.org/print/programsandschools
FPE-CR-006,Bachillerato en Administración de Negocios,Universidad Hispanoamericana,Aprobado,San José,21894000.00,"₡21.894.000,00",36,36 meses,Presencial,Bachillerato,Administración y negocios,administración;negocios;oficina,https://portal.pef.churchofjesuschrist.org/print/programsandschools
FPE-CR-007,Bachillerato en Ciencias de la Educación con Énfasis en I y II Ciclo,Universidad Americana S.A,Aprobado,San José,19918262.00,"₡19.918.262,00",32,32 meses,Híbrido,Bachillerato,Educación,docencia;educación;enseñanza,https://portal.pef.churchofjesuschrist.org/print/programsandschools
FPE-CR-008,Bachillerato en Ciencias de la Educación con Enfasis en l y ll Ciclo,Universidad Politécnica Internacional UPI S.A.,Aprobado,Heredia,19795700.00,"₡19.795.700,00",32,32 meses,Híbrido,Bachillerato,Educación,docencia;educación;enseñanza,https://portal.pef.churchofjesuschrist.org/print/programsandschools
FPE-CR-009,Bachillerato en Contaduría,Universidad Fidelitas S.A,Aprobado,San José,22394000.00,"₡22.394.000,00",36,36 meses,Híbrido,Bachillerato,Contabilidad y finanzas,contabilidad;finanzas;oficina,https://portal.pef.churchofjesuschrist.org/print/programsandschools
FPE-CR-010,Bachillerato en Contaduría,Universidad Latina de Costa Rica,Aprobado,San José,22894000.00,"₡22.894.000,00",32,32 meses,Híbrido,Bachillerato,Contabilidad y finanzas,contabilidad;finanzas;oficina,https://portal.pef.churchofjesuschrist.org/print/programsandschools
FPE-CR-011,Bachillerato en Contaduría Pública,Universidad Internacional de Las Américas,Aprobado,San José,20894000.00,"₡20.894.000,00",32,32 meses,Presencial,Bachillerato,Contabilidad y finanzas,contabilidad;finanzas;oficina,https://portal.pef.churchofjesuschrist.org/print/programsandschools
FPE-CR-012,Bachillerato en Dirección de Empresas,Universidad Fundepos,Aprobado,San José,18894000.00,"₡18.894.000,00",32,32 meses,Presencial,Bachillerato,Administración y negocios,administración;negocios;oficina,https://portal.pef.churchofjesuschrist.org/print/programsandschools
FPE-CR-013,Bachillerato en Diseño Publicitario,Universidad Americana S.A,Aprobado,San José,5262000.00,"₡5.262.000,00",32,32 meses,Presencial,Bachillerato,Diseño y comunicación,comunicación;creatividad;diseño,https://portal.pef.churchofjesuschrist.org/print/programsandschools
FPE-CR-014,Bachillerato en Diseño Publicitario,Universidad Fidelitas S.A,Aprobado,San José,22202000.00,"₡22.202.000,00",32,32 meses,Presencial,Bachillerato,Diseño y comunicación,comunicación;creatividad;diseño,https://portal.pef.churchofjesuschrist.org/print/programsandschools
FPE-CR-015,Bachillerato en Educacion con Enfasis en I y II Ciclo,Universidad de las Ciencias y el Arte,Aprobado,San Jose,20587106.00,"₡20.587.106,00",32,32 meses,En línea,Bachillerato,General,general,https://portal.pef.churchofjesuschrist.org/print/programsandschools
FPE-CR-016,Bachillerato en Enseñanza del Inglés,Universidad Latina de Costa Rica,Aprobado,San José,19998320.00,"₡19.998.320,00",32,32 meses,Presencial,Bachillerato,Idiomas,comunicación;idiomas;inglés;servicio al cliente,https://portal.pef.churchofjesuschrist.org/print/programsandschools
FPE-CR-017,Bachillerato en Ingeniería de cadena de suministros y logística,Universidad Fidelitas S.A,Aprobado,San José,23894000.00,"₡23.894.000,00",32,32 meses,Presencial,Bachillerato,Técnico industrial y oficios,cadena de suministros;industria;logística;oficio;técnico,https://portal.pef.churchofjesuschrist.org/print/programsandschools
FPE-CR-018,Bachillerato en Ingeniería de Calidad,Universidad Hispanoamericana,Aprobado,San José,22394000.00,"₡22.394.000,00",32,32 meses,Presencial,Bachillerato,Técnico industrial y oficios,calidad;control de calidad;industria;oficio;técnico,https://portal.pef.churchofjesuschrist.org/print/programsandschools
FPE-CR-019,Bachillerato en Ingeniería Electromecánica,Universidad Fidelitas S.A,Aprobado,San José,25706000.00,"₡25.706.000,00",32,32 meses,Presencial,Bachillerato,Técnico industrial y oficios,automotriz;electromecánica;industria;mecánica;oficio;técnico,https://portal.pef.churchofjesuschrist.org/print/programsandschools
FPE-CR-020,Bachillerato en Ingeniería Electromecánica,Universidad Internacional de Las Américas,Aprobado,San José,23894000.00,"₡23.894.000,00",36,36 meses,Presencial,Bachillerato,Técnico industrial y oficios,automotriz;electromecánica;industria;mecánica;oficio;técnico,https://portal.pef.churchofjesuschrist.org/print/programsandschools
FPE-CR-021,Bachillerato en Ingeniería en Ciencia de Datos,Universidad Fidelitas S.A,Aprobado,San José,24513299.00,"₡24.513.299,00",32,32 meses,Híbrido,Bachillerato,Tecnología,análisis de datos;computación;datos;empleo digital;tecnología,https://portal.pef.churchofjesuschrist.org/print/programsandschools
FPE-CR-022,Bachillerato en Ingeniería en Desarrollo del Software,Universidad Fidelitas S.A,Aprobado,San José,21948717.00,"₡21.948.717,00",32,32 meses,Híbrido,Bachillerato,Tecnología,computación;desarrollo;empleo digital;programación;software;tecnología,https://portal.pef.churchofjesuschrist.org/print/programsandschools
FPE-CR-023,Bachillerato en Ingeniería en Seguridad Informática,Universidad Fidelitas S.A,Aprobado,San José,14098000.00,"₡14.098.000,00",32,32 meses,Híbrido,Bachillerato,Tecnología,ciberseguridad;computación;empleo digital;seguridad de la información;tecnología,https://portal.pef.churchofjesuschrist.org/print/programsandschools
FPE-CR-024,Bachillerato en Ingeniería en Sistemas de Computación,Universidad Fidelitas S.A,Aprobado,San José,23371907.25,"₡23.371.907,25",32,32 meses,Híbrido,Bachillerato,Tecnología,computación;empleo digital;tecnología,https://portal.pef.churchofjesuschrist.org/print/programsandschools
FPE-CR-025,Bachillerato en Ingeniería Industrial,Universidad Fidelitas S.A,Aprobado,San José,25538000.00,"₡25.538.000,00",36,36 meses,Presencial,Bachillerato,Técnico industrial y oficios,industria;ingeniería industrial;oficio;técnico,https://portal.pef.churchofjesuschrist.org/print/programsandschools
FPE-CR-026,Bachillerato en Ingeniería Industrial,Universidad Latina de Costa Rica,Aprobado,San José,22294200.00,"₡22.294.200,00",32,32 meses,Presencial,Bachillerato,Técnico industrial y oficios,industria;ingeniería industrial;oficio;técnico,https://portal.pef.churchofjesuschrist.org/print/programsandschools
FPE-CR-027,Bachillerato en Ingeniería Informática,Universidad Hispanoamericana,Aprobado,San José,22024000.00,"₡22.024.000,00",36,36 meses,Presencial,Bachillerato,Tecnología,computación;empleo digital;tecnología,https://portal.pef.churchofjesuschrist.org/print/programsandschools
FPE-CR-028,Bachillerato en Ingeniería Informática,Universidad Internacional de Las Américas,Aprobado,San José,24535726.00,"₡24.535.726,00",32,32 meses,Híbrido,Bachillerato,Tecnología,computación;empleo digital;tecnología,https://portal.pef.churchofjesuschrist.org/print/programsandschools
FPE-CR-029,Bachillerato en Ingeniería Informática,Universidad Politécnica Internacional UPI S.A.,Aprobado,Heredia,20235700.00,"₡20.235.700,00",32,32 meses,Híbrido,Bachillerato,Tecnología,computación;empleo digital;tecnología,https://portal.pef.churchofjesuschrist.org/print/programsandschools
FPE-CR-030,Bachillerato en la Enseñanza del Inglés,Universidad Americana S.A,Aprobado,San José,19894000.00,"₡19.894.000,00",32,32 meses,Híbrido,Bachillerato,Idiomas,comunicación;idiomas;inglés;servicio al cliente,https://portal.pef.churchofjesuschrist.org/print/programsandschools
FPE-CR-031,Belleza Profesional,Instituto Cosvic Sedes Alajuela-San José-Cartago-Puntarenas-Cañas-Liberia-Virtual,Aprobado,Alajuela,620000.00,"₡620.000,00",10,10 meses,Presencial,Otro,Belleza y servicios personales,belleza;emprendimiento;servicios,https://portal.pef.churchofjesuschrist.org/print/programsandschools
FPE-CR-032,"Belleza Profesional (San Ramón, Alajuela)",Instituto COSVIC sólo sede San Ramón,Aprobado,San Ramón de Alajuela,1062430.00,"₡1.062.430,00",10,10 meses,Presencial,Otro,Belleza y servicios personales,belleza;emprendimiento;servicios,https://portal.pef.churchofjesuschrist.org/print/programsandschools
FPE-CR-033,Ciberseguridad,Universidad Latina de Costa Rica,Aprobado,San José,18053880.00,"₡18.053.880,00",10,10 meses,Presencial,Otro,Tecnología,ciberseguridad;computación;empleo digital;seguridad de la información;tecnología,https://portal.pef.churchofjesuschrist.org/print/programsandschools
FPE-CR-034,Curso Intensivo de Inglés Conversacional,INTENSA para Idiomas,Aprobado,San Pedro,3200000.00,"₡3.200.000,00",15,15 meses,Presencial,Curso,Idiomas,comunicación;idiomas;inglés;servicio al cliente,https://portal.pef.churchofjesuschrist.org/print/programsandschools
FPE-CR-035,Diplomado Administración de Empresas,Universidad Estatal a Distancia,Aprobado,San Jose,2815451.00,"₡2.815.451,00",24,24 meses,Presencial,Diplomado,Administración y negocios,administración;negocios;oficina,https://portal.pef.churchofjesuschrist.org/print/programsandschools
FPE-CR-036,Diplomado en Asistente de Laboratorio,Instituto Parauniversitario ASEMECO,Aprobado,San Jose,3139259.00,"₡3.139.259,00",24,24 meses,Presencial,Diplomado,Salud,atención;laboratorio;salud;servicio,https://portal.pef.churchofjesuschrist.org/print/programsandschools
FPE-CR-037,Diplomado en Asistente de Laboratorio Químico-Clínico,Instituto de Ciencias de la Salud (INCISA),Aprobado,San José,15950000.00,"₡15.950.000,00",24,24 meses,Presencial,Diplomado,Salud,atención;laboratorio;salud;servicio,https://portal.pef.churchofjesuschrist.org/print/programsandschools
FPE-CR-038,English for Adults Intensive,Centro Cultural Costarricense Norteamericano,Aprobado,en Costa Rica,1969040.00,"₡1.969.040,00",24,24 meses,Presencial,Otro,Idiomas,comunicación;idiomas;inglés;servicio al cliente,https://portal.pef.churchofjesuschrist.org/print/programsandschools
FPE-CR-039,English for Adults Semi-Intensive,Centro Cultural Costarricense Norteamericano,Aprobado,en Costa Rica,16394000.00,"₡16.394.000,00",24,24 meses,Híbrido,Otro,Idiomas,comunicación;idiomas;inglés;servicio al cliente,https://portal.pef.churchofjesuschrist.org/print/programsandschools
FPE-CR-040,Especialista en Uñas,Instituto COSVIC sólo sede San Ramón,Aprobado,San Ramón de Alajuela,2514975.00,"₡2.514.975,00",9,9 meses,Presencial,Otro,Belleza y servicios personales,belleza;emprendimiento;servicios;uñas,https://portal.pef.churchofjesuschrist.org/print/programsandschools
FPE-CR-041,Especialización en Administración de Proyectos,FUNDATEC,Aprobado,en Costa Rica,888039.00,"₡888.039,00",8,8 meses,Híbrido,Especialización,Administración y negocios,administración;negocios;oficina;proyectos,https://portal.pef.churchofjesuschrist.org/print/programsandschools
FPE-CR-042,Especializacion en Ciberseguridad,Universidad Fidelitas S.A,Aprobado,San José,6037000.00,"₡6.037.000,00",8,8 meses,Híbrido,Especialización,Tecnología,ciberseguridad;computación;empleo digital;seguridad de la información;tecnología,https://portal.pef.churchofjesuschrist.org/print/programsandschools
FPE-CR-043,Estética y masajes profesional,Instituto COSVIC sólo sede San Ramón,Aprobado,San Ramón de Alajuela,1408623.00,"₡1.408.623,00",12,12 meses,Presencial,Otro,Belleza y servicios personales,belleza;emprendimiento;servicios,https://portal.pef.churchofjesuschrist.org/print/programsandschools
FPE-CR-044,Esteticismo Canino,Escuela de Estética Canina Easy Groom S.A.,Aprobado,San Francisco de Dos Ríos,1500000.00,"₡1.500.000,00",8,8 meses,Presencial,Otro,Belleza y servicios personales,belleza;emprendimiento;estética canina;servicios,https://portal.pef.churchofjesuschrist.org/print/programsandschools
FPE-CR-045,Inglés Intensivo Virtual,FUNDATEC,Aprobado,en Costa Rica,1000000.00,"₡1.000.000,00",24,24 meses,Presencial,Otro,Idiomas,comunicación;idiomas;inglés;servicio al cliente,https://portal.pef.churchofjesuschrist.org/print/programsandschools
FPE-CR-046,Licenciatura en Administración de Negocios,Universidad Hispanoamericana,Aprobado,San José,3500000.00,"₡3.500.000,00",16,16 meses,Presencial,Licenciatura,Administración y negocios,administración;negocios;oficina,https://portal.pef.churchofjesuschrist.org/print/programsandschools
FPE-CR-047,Licenciatura en Contaduría Pública,Universidad Latina de Costa Rica,Aprobado,San José,7848217.00,"₡7.848.217,00",12,12 meses,Híbrido,Licenciatura,Contabilidad y finanzas,contabilidad;finanzas;oficina,https://portal.pef.churchofjesuschrist.org/print/programsandschools
FPE-CR-048,Licenciatura en Ingeniería en Sistemas de Computación,Universidad Fidelitas S.A,Aprobado,San José,9628000.00,"₡9.628.000,00",12,12 meses,En línea,Licenciatura,Tecnología,computación;empleo digital;tecnología,https://portal.pef.churchofjesuschrist.org/print/programsandschools
FPE-CR-049,Licenciatura en Psicología,Universidad Hispanoamericana,Aprobado,San José,15583789.10,"₡15.583.789,10",44,44 meses,Presencial,Licenciatura,Salud,atención;psicología;salud;servicio,https://portal.pef.churchofjesuschrist.org/print/programsandschools
FPE-CR-050,Portugués Conversacional,INTENSA para Idiomas,Aprobado,San Pedro,1500000.00,"₡1.500.000,00",14,14 meses,Híbrido,Otro,Idiomas,comunicación;idiomas;portugués;servicio al cliente,https://portal.pef.churchofjesuschrist.org/print/programsandschools
FPE-CR-051,Programa de Inglés,Instituto Estelar Bilingüe,Aprobado,Liberia,2100000.00,"₡2.100.000,00",32,32 meses,Híbrido,Programa,Idiomas,comunicación;idiomas;inglés;servicio al cliente,https://portal.pef.churchofjesuschrist.org/print/programsandschools
FPE-CR-052,Programa Intensivo de Portugués,Centro de Estudios Brasileños,Aprobado,San José,2000000.00,"₡2.000.000,00",18,18 meses,Híbrido,Programa,Idiomas,comunicación;idiomas;portugués;servicio al cliente,https://portal.pef.churchofjesuschrist.org/print/programsandschools
FPE-CR-053,Programa Súper Intensivo de Portugués,Centro de Estudios Brasileños,Aprobado,San José,2000000.00,"₡2.000.000,00",10,10 meses,Híbrido,Programa,Idiomas,comunicación;idiomas;portugués;servicio al cliente,https://portal.pef.churchofjesuschrist.org/print/programsandschools
FPE-CR-054,Reparación de Celulares,Instituto COSVIC sólo sede San Ramón,Aprobado,San Ramón de Alajuela,664000.00,"₡664.000,00",10,10 meses,Presencial,Otro,Técnico industrial y oficios,industria;oficio;reparación de celulares;técnico,https://portal.pef.churchofjesuschrist.org/print/programsandschools
FPE-CR-055,Técnico Básico en Manufactura de Semiconductores,Universidad Fidelitas S.A,Aprobado,San José,791596.00,"₡791.596,00",11,11 meses,En línea,Técnico,Técnico industrial y oficios,industria;manufactura;oficio;semiconductores;técnico,https://portal.pef.churchofjesuschrist.org/print/programsandschools
FPE-CR-056,Técnico en Administración de Empresas,FUNDATEC,Aprobado,en Costa Rica,1060800.00,"₡1.060.800,00",12,12 meses,Presencial,Técnico,Administración y negocios,administración;negocios;oficina,https://portal.pef.churchofjesuschrist.org/print/programsandschools
FPE-CR-057,Técnico en Aire Acondicionado Comercial sólo sede San Ramón,Instituto COSVIC sólo sede San Ramón,Aprobado,San Ramón de Alajuela,800000.00,"₡800.000,00",12,12 meses,Presencial,Técnico,Técnico industrial y oficios,aire acondicionado;industria;oficio;refrigeración;técnico,https://portal.pef.churchofjesuschrist.org/print/programsandschools
FPE-CR-058,Técnico en Análisis de Datos,FUNDATEC,Aprobado,en Costa Rica,3800000.00,"₡3.800.000,00",16,16 meses,Híbrido,Técnico,Tecnología,análisis de datos;computación;datos;empleo digital;tecnología,https://portal.pef.churchofjesuschrist.org/print/programsandschools
FPE-CR-059,Técnico en Atención Primaria,Universidad de Iberoamerica,Aprobado,San Jose,1714980.00,"₡1.714.980,00",8,8 meses,Presencial,Técnico,Salud,atención;salud;servicio,https://portal.pef.churchofjesuschrist.org/print/programsandschools
FPE-CR-060,Técnico en Ciberseguridad y Seguridad de la Información,Universidad CENFOTEC,Aprobado,San José,6837500.00,"₡6.837.500,00",28,28 meses,Presencial,Técnico,Tecnología,ciberseguridad;computación;empleo digital;seguridad de la información;tecnología,https://portal.pef.churchofjesuschrist.org/print/programsandschools
FPE-CR-061,Técnico en Contabilidad,FUNDATEC,Aprobado,en Costa Rica,1295400.00,"₡1.295.400,00",12,12 meses,Presencial,Técnico,Contabilidad y finanzas,contabilidad;finanzas;oficina,https://portal.pef.churchofjesuschrist.org/print/programsandschools
FPE-CR-062,Tecnico en Control de calidad,Universidad Fidelitas S.A,Aprobado,San José,3296000.00,"₡3.296.000,00",12,12 meses,Presencial,Técnico,Técnico industrial y oficios,calidad;control de calidad;industria;oficio;técnico,https://portal.pef.churchofjesuschrist.org/print/programsandschools
FPE-CR-063,Técnico en Data Analyst,Universidad CENFOTEC,Aprobado,San José,6222149.00,"₡6.222.149,00",12,12 meses,En línea,Técnico,Tecnología,análisis de datos;computación;datos;empleo digital;tecnología,https://portal.pef.churchofjesuschrist.org/print/programsandschools
FPE-CR-064,Técnico en Desarrollo de Software,Universidad CENFOTEC,Aprobado,San José,4223000.00,"₡4.223.000,00",16,16 meses,Presencial,Técnico,Tecnología,computación;desarrollo;empleo digital;programación;software;tecnología,https://portal.pef.churchofjesuschrist.org/print/programsandschools
FPE-CR-065,TÉCNICO EN DIAGNÓSTICO Y REPARACIÓN DE VEHÍCULOS ELÉCTRICOS,FUNDATEC,Aprobado,en Costa Rica,4186000.00,"₡4.186.000,00",18,18 meses,Presencial,Técnico,Técnico industrial y oficios,automotriz;industria;mecánica;oficio;técnico,https://portal.pef.churchofjesuschrist.org/print/programsandschools
FPE-CR-066,Técnico en Gestión de Recursos Humanos,Universidad Fidelitas S.A,Aprobado,San José,487190.00,"₡487.190,00",12,12 meses,Presencial,Técnico,Administración y negocios,administración;negocios;oficina;recursos humanos,https://portal.pef.churchofjesuschrist.org/print/programsandschools
FPE-CR-067,Técnico en Ingeniería del Software,Universidad CENFOTEC,Aprobado,San José,7462000.00,"₡7.462.000,00",28,28 meses,Presencial,Técnico,Tecnología,computación;desarrollo;empleo digital;programación;software;tecnología,https://portal.pef.churchofjesuschrist.org/print/programsandschools
FPE-CR-068,Técnico en Inteligencia Artificial y Machine Learning,Universidad CENFOTEC,Aprobado,San José,4248000.00,"₡4.248.000,00",9,9 meses,Híbrido,Técnico,Tecnología,computación;empleo digital;inteligencia artificial;machine learning;tecnología,https://portal.pef.churchofjesuschrist.org/print/programsandschools
FPE-CR-069,Técnico en Mecánica Automotriz,Instituto Cosvic Sedes Alajuela-San José-Cartago-Puntarenas-Cañas-Liberia-Virtual,Aprobado,Alajuela,800000.00,"₡800.000,00",18,18 meses,Presencial,Técnico,Técnico industrial y oficios,automotriz;industria;mecánica;oficio;técnico,https://portal.pef.churchofjesuschrist.org/print/programsandschools
FPE-CR-070,Técnico en Mecánica de Motos,Instituto COSVIC sólo sede San Ramón,Aprobado,San Ramón de Alajuela,1000000.00,"₡1.000.000,00",12,12 meses,Presencial,Técnico,Técnico industrial y oficios,automotriz;industria;mecánica;oficio;técnico,https://portal.pef.churchofjesuschrist.org/print/programsandschools
FPE-CR-071,Técnico en Operaciones de Vuelo,Instituto de Formación Aeronáutica IFA,Aprobado,San José,4893000.00,"₡4.893.000,00",18,18 meses,Presencial,Técnico,Aviación,aeronáutica;aviación;transporte,https://portal.pef.churchofjesuschrist.org/print/programsandschools
FPE-CR-072,Técnico en Producción Audiovisual,Universidad Latina de Costa Rica,Aprobado,San José,5448000.00,"₡5.448.000,00",18,18 meses,Presencial,Técnico,Diseño y comunicación,audiovisual;comunicación;creatividad;diseño;producción,https://portal.pef.churchofjesuschrist.org/print/programsandschools
FPE-CR-073,Técnico en Programación Asistida con IA,Universidad CENFOTEC,Aprobado,San José,17676000.00,"₡17.676.000,00",13,13 meses,Híbrido,Técnico,General,general,https://portal.pef.churchofjesuschrist.org/print/programsandschools
FPE-CR-074,Tecnico en Redes CISCO CCNA,Universidad Fidelitas S.A,Aprobado,San José,1910000.00,"₡1.910.000,00",10,10 meses,En línea,Técnico,Tecnología,computación;empleo digital;redes;tecnología;telecomunicaciones,https://portal.pef.churchofjesuschrist.org/print/programsandschools
FPE-CR-075,Técnico en Refrigeración y Aire Acondicionado,Instituto Cosvic Sedes Alajuela-San José-Cartago-Puntarenas-Cañas-Liberia-Virtual,Aprobado,Alajuela,1448430.00,"₡1.448.430,00",12,12 meses,Presencial,Técnico,Técnico industrial y oficios,aire acondicionado;industria;oficio;refrigeración;técnico,https://portal.pef.churchofjesuschrist.org/print/programsandschools
FPE-CR-076,Técnico en Sistemas de Aeronaves,Instituto de Formación Aeronáutica IFA,Aprobado,San José,4000000.00,"₡4.000.000,00",26,26 meses,Presencial,Técnico,Aviación,aeronáutica;aviación;transporte,https://portal.pef.churchofjesuschrist.org/print/programsandschools
FPE-CR-077,Técnico en Telemática,FUNDATEC,Aprobado,en Costa Rica,9545900.00,"₡9.545.900,00",18,18 meses,Presencial,Técnico,Tecnología,computación;empleo digital;redes;tecnología;telecomunicaciones,https://portal.pef.churchofjesuschrist.org/print/programsandschools
FPE-CR-078,Tripulante de Cabina de Pasajeros,Instituto de Formación Aeronáutica IFA,Aprobado,San José,2500000.00,"₡2.500.000,00",8,8 meses,Presencial,Otro,Aviación,aeronáutica;aviación;transporte,https://portal.pef.churchofjesuschrist.org/print/programsandschools
